{
    "__comment__0": "All values in this file are strings.  Never use numbers.'",

    "credentials":  {
        "__comment__": "This information is not secure and should only be used for initial setup",
        "accessmethod": "https",
        "ip_addr": "192.168.0.60",
        "user": "admin",
        "password": "cisco123"
    },

    "nodes": {
        "__comment__1": "spine and leaf refer only to the device type and must be correct.  Naming is done in the specific sections.",
        "switches" : [
            ["spine", "SAL1918E6MR"],
            ["leaf", "SAL1917E0LT"],
            ["leaf", "SAL1917E0EZ"]
        ],
        "spines": {
            "__comment__": "This will create names like 'spine_101'",
            "namebase": "spine_",
            "numberbase": "101"
        },
        "leafs":  {
            "namebase": "leaf_",
            "numberbase": "201"
        }
    },

    "bgp":  {
        "__comment__": "All spines will be used as BGP route reflectors.",
        "asnum": "65001"
    },

    "oob": {
        "dg_mask": "192.168.0.1/24",
        "start_ip": "192.168.0.61",
        "end_ip": "192.168.0.63"
    },

    "time":  {
        "servers": [
            "10.200.254.1"
        ],

        "polling":  {
            "minpoll": "4",
            "maxpoll": "6"
        }
    },

    "dns": 
        {
        "__comment__": "The first server and domain will be preferred.",
        "servers":  [
            "10.200.250.100"
        ],
        "domains": [
            "pdxlab.local",
            "aci.pdxlab.local"
        ]
    },

    "vmware_vmm":  {
        "__comment__": "namebase will be used to start the naming of everything releated to VMware",
        "namebase": "pdxlab",
        "vcenterip": "172.18.18.5",
        "vlan_start": "305",
        "vlan_end": "405",
        "user": "administrator@vsphere.local",
        "password": "Cisco!098",
        "datacenter": "pdxlab_dc"
    },

    "servers_vmware": {
        "__comment__0": "Interface speed can be 1 or 10",
        "namebase": "ESXi",
        "speed": "1G",
        "cdp": "enabled",
        "lldp": "disabled",
        "switch_range_name": "Rack1",
        "comment_1": "The following two are the leafs that should be configured for these interfaces.",
        "leaf1": "201",
        "leaf2": "202",
        "__comment__2": "Interface configuration will be attached to all leaf switches if using the aci toolkit method",
        "__comment__3": "valid values: 1/13 or 1/22-24",
        "interfaces": "1/32-34",
        "__comment__4": "Only a single range statement can be used if you are using the cobra method",
        "interfaces_start": "32",
        "interfaces_finish": "34"
    },

    "Tenants": [{
        "name": "management",
        "bridgedomain": "management_bd",
        "bd_subnets":[
            {"gateway": "192.168.101.1/24", "preferred": "no"},
            {"gateway": "192.168.102.1/24", "preferred": "yes"}
        ],
        "vrf": "management_vrf",
        "gateway": {
                "ext_epg": "all_internet",
                "network": "0.0.0.0/0",
                "area": "18",
                "routerID": "22.22.22.22",
                "nodeID": "201",
                "interface": {
                    "ipaddress": "172.18.19.2/24",
                    "speed": "10G",
                    "cdp": "enabled",
                    "lldp": "disabled",
                    "interface1": "1",
                    "interface2": "1",
                    "vlan": "2"
                    }
                }
            },{
        "name": "pdxlab",
        "bridgedomain": "pdxlab_bd",
        "bd_subnets":[
            {"gateway":"192.168.201.1/24", "preferred": "no"},
            {"gateway":"192.168.202.1/24", "preferred": "yes"}
        ],
        "vrf": "pdxlab_vrf",
        "gateway": {
                "ext_epg": "all_internet",
                "network": "0.0.0.0/0",
                "area": "3",
                "routerID": "33.33.33.33",
                "nodeID": "201",
                "interface": {
                    "ipaddress": "172.31.255.2/24",
                    "speed": "10G",
                    "cdp": "enabled",
                    "lldp": "disabled",
                    "interface1": "1",
                    "interface2": "1",
                    "vlan": "3"
                    }
                }
            }            
        ]
}